{
    "Estimated Parameters": {
        "mean": [
            2.893581748587984,
            1.963205157486503
        ],
        "covariance matrix": [
            [
                1.99786078326259,
                0.082378115422572
            ],
            [
                0.082378115422572,
                1.1628026885085498
            ]
        ],
        "corrolation": 0.05404757684406211
    },
    "Errros": {
        "mean error": [
            0.005662422116795546,
            0.0006769302177965217
        ],
        "covariance error": [
            [
                0.0033953650744121054,
                0.006617577010877052
            ],
            [
                0.006617577010877052,
                0.01664543464309325
            ]
        ],
        "corrolation error": 0.0014605702813573994
    }
}