{
    "Estimated Parameters": {
        "mean": [
            1.0591968565543277,
            1.0624729884285022
        ],
        "covariance matrix": [
            [
                2.136748440895805,
                0.6147737042866569
            ],
            [
                0.6147737042866569,
                0.9927954404087883
            ]
        ],
        "corrolation": 0.4220935330443338
    },
    "Errros": {
        "mean error": [
            0.0017521339129568261,
            0.0019514371415938875
        ],
        "covariance error": [
            [
                0.01593656964155723,
                0.007434115562499591
            ],
            [
                0.007434115562499591,
                0.006612454437292142
            ]
        ],
        "corrolation error": 0.002348875563605802
    }
}