{
    "Estimated Parameters": {
        "mean": [
            1.0040237351722716,
            1.0336893869172321
        ],
        "covariance matrix": [
            [
                2.1275537602123027,
                0.5555296671898473
            ],
            [
                0.5555296671898473,
                1.049751293249925
            ]
        ],
        "corrolation": 0.37172671696883214
    },
    "Errros": {
        "mean error": [
            8.095222368287839e-06,
            0.000567487395429485
        ],
        "covariance error": [
            [
                0.009676752841256409,
                0.004922845304917797
            ],
            [
                0.004922845304917797,
                0.0027793675591276244
            ]
        ],
        "corrolation error": 0.00016513489577628344
    }
}