{
    "Estimated Parameters": {
        "mean": [
            1.0063374076415441,
            0.936484532757024
        ],
        "covariance matrix": [
            [
                1.882624658136976,
                0.024897853308745062
            ],
            [
                0.024897853308745062,
                0.9961281340686743
            ]
        ],
        "corrolation": 0.01818119519300014
    },
    "Errros": {
        "mean error": [
            2.0081367807550858e-05,
            0.0020171072895467765
        ],
        "covariance error": [
            [
                0.0071984369884227585,
                -0.0015093975968793237
            ],
            [
                -0.0015093975968793237,
                0.0003174472225869741
            ]
        ],
        "corrolation error": 0.00016527792932298572
    }
}