{
    "Estimated Parameters": {
        "mean": [
            1.0042779242970836,
            1.0106545278256334
        ],
        "covariance matrix": [
            [
                2.0526929334475628,
                0.017754747145030128
            ],
            [
                0.017754747145030128,
                0.98200960403445
            ]
        ],
        "corrolation": 0.01250531484659912
    },
    "Errros": {
        "mean error": [
            9.150318145789209e-06,
            5.675948159359781e-05
        ],
        "covariance error": [
            [
                0.001545888140746617,
                0.0003080673891420339
            ],
            [
                0.0003080673891420339,
                0.000319442696590616
            ]
        ],
        "corrolation error": 7.819144970628619e-05
    }
}