{
    "Estimated Parameters": {
        "mean": [
            0.9777694051569236,
            0.9722424458774985
        ],
        "covariance matrix": [
            [
                1.9311637232162002,
                0.47515214251969806
            ],
            [
                0.47515214251969806,
                0.9929754868078126
            ]
        ],
        "corrolation": 0.34312620019965645
    },
    "Errros": {
        "mean error": [
            0.0002470996735385083,
            0.0003852409054317992
        ],
        "covariance error": [
            [
                0.0026779245114086445,
                0.0009424890488332242
            ],
            [
                0.0009424890488332242,
                0.0003333799034743062
            ]
        ],
        "corrolation error": 5.436314975237225e-05
    }
}