{
    "Estimated Parameters": {
        "mean": [
            3.0247570047970207,
            2.02993753305637
        ],
        "covariance matrix": [
            [
                1.9214900033934827,
                -0.027948372165274994
            ],
            [
                -0.027948372165274994,
                1.0307352585240606
            ]
        ],
        "corrolation": -0.01985929773652184
    },
    "Errros": {
        "mean error": [
            0.00030645464325985294,
            0.0004481279427506243
        ],
        "covariance error": [
            [
                0.0034724655369220343,
                0.0006676130800135178
            ],
            [
                0.0006676130800135178,
                0.0008628838116147776
            ]
        ],
        "corrolation error": 0.00019719585329391076
    }
}