{
    "Estimated Parameters": {
        "mean": [
            0.9551303101351828,
            0.9781606089325112
        ],
        "covariance matrix": [
            [
                2.0540990212025387,
                0.5033718086152406
            ],
            [
                0.5033718086152406,
                0.9928092225182722
            ]
        ],
        "corrolation": 0.3524887819150435
    },
    "Errros": {
        "mean error": [
            0.00100664453428244,
            0.0002384795010993543
        ],
        "covariance error": [
            [
                0.0014690365942052728,
                7.908281015181702e-05
            ],
            [
                7.908281015181702e-05,
                3.153818706476706e-05
            ]
        ],
        "corrolation error": 5.666958188815444e-07
    }
}