{
    "Estimated Parameters": {
        "mean": [
            3.0232405522289763,
            1.955362401884003
        ],
        "covariance matrix": [
            [
                1.9626956298190887,
                -0.031246615276839453
            ],
            [
                -0.031246615276839453,
                1.0221049376999924
            ]
        ],
        "corrolation": -0.02206118107693544
    },
    "Errros": {
        "mean error": [
            0.0002700616339538865,
            0.000996257582782629
        ],
        "covariance error": [
            [
                0.001183983500426639,
                0.00023746540957878383
            ],
            [
                0.00023746540957878383,
                0.000732489618489682
            ]
        ],
        "corrolation error": 0.00024334785525466718
    }
}