{
    "Estimated Parameters": {
        "mean": [
            0.9855396076077765,
            0.9776817555788911
        ],
        "covariance matrix": [
            [
                1.9858085764384839,
                0.5027391416993898
            ],
            [
                0.5027391416993898,
                1.0258047074356091
            ]
        ],
        "corrolation": 0.3522424267350705
    },
    "Errros": {
        "mean error": [
            0.00010455147406853793,
            0.00024905201702017833
        ],
        "covariance error": [
            [
                0.00010444969997584592,
                1.5905215063189765e-05
            ],
            [
                1.5905215063189765e-05,
                0.00033669291154335895
            ]
        ],
        "corrolation error": 8.59313118757548e-07
    }
}