{
    "Estimated Parameters": {
        "mean": [
            0.9368942299360848,
            0.9549437872783316
        ],
        "covariance matrix": [
            [
                1.9706623730476365,
                0.5049719673728582
            ],
            [
                0.5049719673728582,
                1.0193858426704665
            ]
        ],
        "corrolation": 0.3562803404083373
    },
    "Errros": {
        "mean error": [
            0.001991169107679865,
            0.0010150311524101156
        ],
        "covariance error": [
            [
                0.0004427084073764067,
                -2.473997337565759e-05
            ],
            [
                -2.473997337565759e-05,
                0.00020026567780042316
            ]
        ],
        "corrolation error": 3.718127646937567e-06
    }
}