{
    "Estimated Parameters": {
        "mean": [
            1.0134477894073264,
            0.9571498578710874
        ],
        "covariance matrix": [
            [
                1.9412456182377573,
                0.027806549328750648
            ],
            [
                0.027806549328750648,
                1.030969587169649
            ]
        ],
        "corrolation": 0.01965549234791402
    },
    "Errros": {
        "mean error": [
            9.042151997189983e-05,
            0.0009180673402340044
        ],
        "covariance error": [
            [
                0.002112640780917799,
                -0.00038629963071408116
            ],
            [
                -0.00038629963071408116,
                0.0008661597575153633
            ]
        ],
        "corrolation error": 0.00019316918971945332
    }
}